ano,sigla_uf,meta_indicador
2024,RO,58.8
2024,AC,55.2
2024,AM,56.7
2024,RR,56.3
2024,PA,59.4
2024,AP,59.1
2024,TO,60.4
2024,MA,57.5
2024,PI,59.5
2024,CE,57.2
2024,RN,58.3
2024,PB,60.0
2024,PE,57.2
2024,AL,58.2
2024,SE,60.9
2024,BA,60.3
2024,MG,73.3
2024,ES,75.5
2024,RJ,76.9
2024,SP,72.0
2024,PR,80.8
2024,SC,80.2
2024,RS,78.0
2024,MS,68.9
2024,MT,73.7
2024,GO,70.0
2024,DF,68.6
2025,RO,59.6
2025,AC,64.1
2025,AM,62.6
2025,RR,63.8
2025,PA,63.4
2025,AP,62.2
2025,TO,64.8
2025,MA,63.3
2025,PI,64.3
2025,CE,66.0
2025,RN,64.7
2025,PB,66.2
2025,PE,64.5
2025,AL,65.2
2025,SE,61.3
2025,BA,62.4
2025,MG,77.7
2025,ES,76.5
2025,RJ,77.4
2025,SP,76.6
2025,PR,81.7
2025,SC,83.8
2025,RS,82.2
2025,MS,74.2
2025,MT,73.3
2025,GO,73.6
2025,DF,77.6
